year,hot_days_pct,cold_nights_pct,heatwave_events,heatwave_days,longest_heatwave,txx,tnn
1950,8.22,7.4,4,18,7,34.72,7.75
1951,35.62,4.66,17,105,17,36.17,7.52
1952,12.02,7.38,4,23,8,35.22,9.05
1953,4.38,6.3,2,7,4,34.88,6.48
1954,31.51,5.21,13,97,19,36.4,7.48
1955,4.38,7.67,2,9,5,35.38,7.9
1956,3.55,10.93,1,3,3,33.67,8.0
1957,12.05,5.21,5,25,10,35.8,8.2
1958,3.01,3.29,2,9,5,33.5,7.85
1959,5.75,10.14,2,6,3,34.05,8.43
1960,6.01,11.48,1,4,4,34.0,6.65
1961,5.75,6.85,4,14,4,35.55,8.43
1962,6.3,5.75,4,13,4,34.42,8.7
1963,4.93,14.52,3,10,4,33.95,6.8
1964,6.56,16.94,2,7,4,34.12,4.8
1965,6.3,27.67,3,11,4,33.85,5.72
1966,13.7,9.86,4,16,6,34.58,5.12
1967,7.12,13.7,3,12,6,34.48,5.28
1968,21.04,13.39,10,50,8,35.28,3.85
1969,7.12,3.84,1,6,6,34.4,7.12
1970,10.96,6.03,7,24,5,34.75,8.5
1971,6.3,8.22,2,10,7,33.1,8.15
1972,12.3,4.92,5,22,9,33.88,7.38
1973,15.07,6.3,6,18,3,34.12,6.62
1974,2.47,8.77,0,0,0,34.83,6.25
1975,6.03,8.49,1,8,8,34.88,6.6
1976,3.55,7.1,1,3,3,34.17,7.02
1977,8.77,3.84,3,9,3,34.58,6.88
1978,5.48,9.86,2,6,3,34.67,6.48
1979,9.04,10.14,4,14,5,33.83,6.3
1980,6.56,8.47,3,10,4,32.98,6.1
1981,9.86,14.25,4,18,6,34.3,5.72
1982,9.86,14.25,5,25,7,32.8,6.12
1983,23.56,4.11,10,54,12,33.62,7.6
1984,9.29,5.74,4,18,7,34.35,6.07
1985,3.84,11.23,1,3,3,31.67,5.28
1986,4.66,15.07,2,9,5,33.4,6.02
1987,29.04,5.48,13,78,10,36.45,6.5
1988,11.75,9.29,5,17,4,34.0,7.25
1989,10.68,8.22,3,10,4,34.45,5.15
1990,13.15,11.23,6,21,4,35.35,7.2
1991,11.51,8.77,5,20,6,33.3,7.12
1992,29.78,4.92,17,94,13,35.22,7.55
1993,7.95,4.11,1,8,8,35.1,7.05
1994,25.75,13.97,10,72,16,35.95,4.7
1995,27.67,6.85,13,70,14,35.12,6.85
1996,19.95,5.19,8,42,11,35.35,5.28
1997,14.25,4.93,4,26,11,36.2,7.93
1998,26.3,2.47,17,76,12,36.5,7.7
1999,11.23,6.85,7,31,7,34.9,7.28
2000,5.74,3.28,0,0,0,33.7,7.38
2001,11.23,4.66,3,22,14,35.08,6.9
2002,22.19,9.04,11,58,17,33.72,7.0
2003,14.79,9.04,8,31,6,35.45,6.38
2004,12.3,9.02,9,30,4,34.33,6.0
2005,23.56,3.84,10,46,10,34.95,7.22
2006,10.96,8.49,5,18,5,34.33,6.72
2007,11.23,3.84,7,27,6,33.65,6.75
2008,10.66,11.2,6,26,8,34.35,6.6
2009,6.85,13.7,3,9,3,33.8,6.48
2010,13.97,5.21,6,29,7,35.78,6.48
2011,11.23,10.96,5,24,10,36.78,5.8
2012,15.3,10.66,5,19,6,35.1,5.55
2013,23.84,5.75,12,59,11,35.65,7.7
2014,19.73,1.92,11,46,8,35.72,7.2
2015,23.29,7.12,14,64,9,35.72,6.88
2016,28.96,3.55,15,69,10,35.7,7.22
2017,8.77,5.21,4,13,4,37.52,7.95
2018,21.37,6.3,7,40,13,34.55,6.72
2019,31.23,2.74,13,74,12,36.9,6.78
2020,23.22,0.82,14,55,7,36.48,7.9
2021,16.71,9.86,6,35,17,35.75,6.85
2022,9.86,4.11,4,13,4,34.33,8.0
2023,39.18,2.19,19,108,19,35.72,7.85
2024,50.82,3.28,18,160,28,36.25,7.82
2025,25.48,3.56,15,61,8,36.08,7.25
