season,total_mm,wet_days,rx1day_mm,rx5day_mm,heavy_days,very_wet_mm,longest_dry_spell,onset,onset_day
1950,538.2,93,44.6,75.2,2,107.8,8,1950-11-08,38
1951,869.4,99,37.2,120.7,7,205.1,17,1951-12-23,83
1952,1231.5,138,32.0,90.6,5,165.3,9,1952-11-05,35
1953,516.1,70,37.4,94.9,4,99.2,20,1953-11-21,51
1954,1318.7,147,34.2,94.6,11,273.9,5,1954-11-15,45
1955,1409.3,150,42.2,141.5,13,329.7,6,1955-11-18,48
1956,1404.8,154,34.2,97.6,13,329.9,2,1956-11-03,33
1957,1451.2,127,44.8,151.7,17,503.3,10,1957-12-02,62
1958,1193.0,142,35.7,108.4,10,283.3,7,1958-11-08,38
1959,890.5,108,31.1,82.7,3,76.1,10,1959-12-06,66
1960,937.2,140,28.6,69.2,3,74.2,12,1960-11-27,57
1961,1163.6,147,32.8,93.7,7,170.0,5,1961-11-08,38
1962,1156.8,136,49.6,107.8,6,182.4,9,1962-11-15,45
1963,878.0,118,30.3,90.2,6,144.5,9,1963-11-22,52
1964,703.4,104,21.6,88.3,2,41.8,8,1964-12-07,67
1965,693.4,108,20.2,73.6,2,40.4,6,1965-12-12,72
1966,791.9,114,37.5,70.8,1,37.5,10,1966-11-22,52
1967,695.1,89,21.7,85.5,3,82.7,10,1967-12-01,61
1968,1015.6,140,24.3,106.2,5,112.6,6,1968-11-28,58
1969,868.5,105,40.7,107.6,7,205.4,17,1969-12-02,62
1970,986.6,132,25.2,92.3,2,50.3,5,1970-11-12,42
1971,971.9,136,29.4,80.6,5,117.7,5,1971-11-09,39
1972,608.5,93,19.0,54.5,0,0.0,14,1972-12-12,72
1973,1321.6,152,60.2,109.3,8,256.3,9,1973-11-01,31
1974,1023.8,119,30.9,80.7,3,93.5,13,1974-11-20,50
1975,1118.2,134,26.9,77.5,6,155.1,14,1975-11-28,58
1976,872.0,124,21.6,71.3,2,42.5,8,1976-12-06,66
1977,1419.9,155,36.0,100.8,9,219.0,5,1977-11-27,57
1978,854.6,114,38.6,93.1,5,158.0,10,1978-11-17,47
1979,914.2,121,49.8,104.6,5,161.0,18,1979-10-22,21
1980,1120.5,132,32.5,85.4,7,185.2,7,1980-11-27,57
1981,921.0,94,82.0,114.7,10,336.2,13,1981-11-24,54
1982,893.5,97,29.6,94.1,6,173.0,15,1982-11-23,53
1983,855.0,110,40.9,91.4,4,131.5,8,1983-11-24,54
1984,1010.7,126,30.2,80.4,6,150.9,7,1984-11-06,36
1985,1063.2,135,38.5,100.2,5,131.0,6,1985-11-01,31
1986,634.0,99,28.1,100.1,5,138.1,14,1986-12-30,90
1987,971.1,117,29.6,89.4,8,208.6,13,1987-11-29,59
1988,1115.3,106,93.6,172.5,14,433.8,19,1988-11-30,60
1989,912.7,113,43.2,129.2,9,261.1,11,1989-11-14,44
1990,737.2,100,28.9,94.8,5,133.5,14,1990-11-23,53
1991,697.6,101,25.7,77.2,4,92.2,17,1991-11-16,46
1992,1111.9,132,49.6,96.2,9,235.0,7,1992-11-16,46
1993,831.3,107,35.0,83.0,3,78.5,16,1993-11-12,42
1994,608.2,87,22.0,70.8,2,42.8,22,1994-12-11,71
1995,1035.1,125,86.4,136.1,5,196.0,13,1995-11-21,51
1996,985.2,119,22.5,78.7,2,43.2,14,1996-11-18,48
1997,864.7,114,29.6,120.9,6,155.9,9,1997-11-16,46
1998,985.1,118,103.4,136.2,7,267.9,18,1998-11-22,52
1999,916.1,128,30.2,107.2,8,186.4,9,1999-11-21,51
2000,1172.1,143,32.2,95.2,8,206.2,3,2000-10-31,30
2001,710.3,106,27.6,70.6,3,75.3,11,2001-11-17,47
2002,1017.2,122,30.2,96.0,6,170.2,13,2002-12-10,70
2003,855.0,121,36.9,74.2,3,124.1,10,2003-11-28,58
2004,716.7,105,24.8,73.7,1,44.4,13,2004-11-25,55
2005,1067.9,131,56.3,118.0,6,176.7,7,2005-11-08,38
2006,941.5,121,41.8,94.1,9,271.1,8,2006-11-15,45
2007,1112.5,110,55.1,113.7,12,344.8,12,2007-11-07,37
2008,1058.4,136,37.4,108.7,7,179.6,5,2008-11-19,49
2009,1155.8,125,40.7,140.1,11,351.0,6,2009-11-11,41
2010,973.0,133,44.2,133.2,5,159.3,5,2010-11-24,54
2011,971.2,127,31.6,89.3,5,127.4,7,2011-11-24,54
2012,947.4,109,45.1,102.0,5,169.2,8,2012-11-26,56
2013,897.3,119,32.7,79.1,3,74.7,11,2013-11-22,52
2014,882.7,105,53.8,113.7,5,145.2,13,2014-12-12,72
2015,855.6,105,34.6,84.2,4,112.1,11,2015-11-22,52
2016,1209.4,132,31.3,119.7,12,343.0,11,2016-11-25,55
2017,1086.2,123,52.9,115.3,9,263.6,9,2017-11-11,41
2018,786.1,90,27.8,90.2,6,163.2,18,2018-11-25,55
2019,727.3,98,48.0,84.2,6,185.0,9,2019-11-13,43
2020,973.4,120,43.0,125.5,9,260.0,6,2020-12-01,61
2021,850.4,118,39.6,92.5,5,145.5,18,2021-12-18,78
2022,1113.5,118,69.7,138.2,12,371.5,6,2022-11-09,39
2023,694.0,77,42.8,123.7,8,266.3,17,2023-12-13,73
2024,857.0,113,37.6,94.1,4,119.9,9,2024-12-18,78
2025,967.3,130,22.3,74.1,3,64.5,5,2025-11-11,41
